Chile,1
El Salvador,1
Mexico,2
Venezuela,2
Colombia,2
Ecuador,2
Trinidad and Tobago,2
Africa West,2
Puerto Rico,2
Ghana,2
Nigeria,2
Denmark,3
Sweden,3
Netherlands,3
Norway,3
Finland,3
Saudi Arabia,3
United Kingdom,4
Ireland,4
Australia,4
United States,4
Canada,4
New Zealand,4
Austria,4
Israel,4
Korea,5
Taiwan,5
Romania,5
Serbia,5
Guatemala,5
Panama,5
Russia,5
Suriname,5
Croatia,5
Bulgaria,5
Montenegro,5
Belarus,6
Moldova,6
Latvia,6
Estonia,6
Lithuania,6
Ukraine,6
Georgia,6
Tanzania,6
Burkina Faso,6
Iraq,6
Arab countries,6
Morocco,6
Zimbabwe,6
Rwanda,6
Iran,6
Jordan,6
Africa East,6
Zambia,6
Mali,6
Thailand,6
Egypt,6
Pakistan,6
Costa Rica,6
Slovenia,6
Algeria,6
Peru,6
Uganda,6
Portugal,6
Uruguay,6
Argentina,6
Dominican Republic,6
Iceland,6
South Africa,6
Poland,6
Greece,6
Brazil,6
Turkey,6
Malta,6
Spain,6
Belgium,7
France,7
Bosnia and Herzegovina,7
Armenia,7
Czech Republic,7
Japan,7
Hungary,7
Italy,7
Luxembourg,7
Germany,7
Switzerland,7
Slovakia,8
Jamaica,8
China,8
Singapore,8
Malaysia,8
Philippines,8
Vietnam,8
Indonesia,8
Kyrgyzstan,8
Macedonia,8
Bangladesh,8
Albania,8
Azerbaijan,8
Hong Kong,8
India,8
