Belarus,1
Belgium,1
Bosnia and Herzegovina,1
Czech Republic,1
Estonia,1
France,1
Germany,1
Hungary,1
Italy,1
Japan,1
Latvia,1
Lithuania,1
Luxembourg,1
Malta,1
Moldova,1
Ukraine,1
Australia,2
Austria,2
Canada,2
Denmark,2
Finland,2
United Kingdom,2
Ireland,2
Israel,2
Jamaica,2
Netherlands,2
New Zealand,2
Norway,2
Saudi Arabia,2
South Africa,2
Sweden,2
Switzerland,2
United States,2
Africa East,3
Arab countries,3
Algeria,3
Argentina,3
Brazil,3
Burkina Faso,3
Chile,3
Costa Rica,3
Dominican Republic,3
Egypt,3
Georgia,3
Greece,3
Iceland,3
Iran,3
Iraq,3
Jordan,3
Mali,3
Morocco,3
Peru,3
Philippines,3
Poland,3
Portugal,3
Rwanda,3
Slovenia,3
Spain,3
Tanzania,3
Thailand,3
Turkey,3
Uganda,3
Uruguay,3
Zambia,3
Zimbabwe,3
Africa West,4
Colombia,4
Ecuador,4
El Salvador,4
Ghana,4
Mexico,4
Nigeria,4
Puerto Rico,4
Trinidad and Tobago,4
Venezuela,4
Albania,5
Azerbaijan,5
Bangladesh,5
China,5
Hong Kong,5
India,5
Indonesia,5
Kyrgyzstan,5
Macedonia,5
Malaysia,5
Singapore,5
Slovakia,5
Vietnam,5
Armenia,6
Bulgaria,6
Croatia,6
Guatemala,6
Korea,6
Montenegro,6
Pakistan,6
Panama,6
Romania,6
Russia,6
Serbia,6
Suriname,6
Taiwan,6
